{
  "meta": {
    "dtype": "fp16",
    "causal": false,
    "B": 1,
    "H": 8,
    "D": 64,
    "warmup": 20,
    "iters": 100,
    "ext_loaded": true,
    "cl_present": true,
    "SYNAPSEFAST_USE_CUSTOM_CUDA": "1 "
  },
  "rows": [
    {
      "T": 128,
      "torch_ms": 0.013606400489807128,
      "sf_auto_ms": 0.02098848104476929,
      "sf_torch_ms": 0.01853119969367981,
      "sf_cuda_ms": 0.0929635238647461,
      "xformers_ms": 0.11235199928283691
    },
    {
      "T": 256,
      "torch_ms": 0.01809056043624878,
      "sf_auto_ms": 0.02110975980758667,
      "sf_torch_ms": 0.01754464030265808,
      "sf_cuda_ms": 0.09859711647033692,
      "xformers_ms": 0.11021632194519043
    },
    {
      "T": 512,
      "torch_ms": 0.038484160900115964,
      "sf_auto_ms": 0.040181121826171874,
      "sf_torch_ms": 0.04012320041656494,
      "sf_cuda_ms": 0.088406400680542,
      "xformers_ms": 0.1174067211151123
    },
    {
      "T": 1024,
      "torch_ms": 0.11940799713134766,
      "sf_auto_ms": 0.12001919746398926,
      "sf_torch_ms": 0.1203382396697998,
      "sf_cuda_ms": 0.16532896041870118,
      "xformers_ms": 0.1072646427154541
    }
  ]
}