{
  "meta": {
    "dtype": "fp16",
    "causal": true,
    "B": 1,
    "H": 8,
    "D": 64,
    "warmup": 20,
    "iters": 100,
    "ext_loaded": true,
    "cl_present": true,
    "SYNAPSEFAST_USE_CUSTOM_CUDA": "1 "
  },
  "rows": [
    {
      "T": 128,
      "torch_ms": 0.015417920351028442,
      "sf_auto_ms": 0.01931615948677063,
      "sf_torch_ms": 0.014082239866256714,
      "sf_cuda_ms": 0.1251644802093506,
      "xformers_ms": 0.10487360000610352
    },
    {
      "T": 256,
      "torch_ms": 0.01775455951690674,
      "sf_auto_ms": 0.019808000326156615,
      "sf_torch_ms": 0.017917439937591553,
      "sf_cuda_ms": 0.12238944053649903,
      "xformers_ms": 0.1033420753479004
    },
    {
      "T": 512,
      "torch_ms": 0.04013088226318359,
      "sf_auto_ms": 0.04034016132354736,
      "sf_torch_ms": 0.04011519908905029,
      "sf_cuda_ms": 0.11725184440612793,
      "xformers_ms": 0.1025715160369873
    },
    {
      "T": 1024,
      "torch_ms": 0.09156224250793457,
      "sf_auto_ms": 0.09120096206665039,
      "sf_torch_ms": 0.09130784034729005,
      "sf_cuda_ms": 0.27336511611938474,
      "xformers_ms": 0.10266688346862793
    }
  ]
}